{"name":"Barringer Crater, Arizona","latlng":[35.027521,-111.022114],"areaWidth":1000,"elevationScale":7,"zoom":14,"elevations":[1695,1695,1695,1695,1696,1696,1699,1704,1705,1705,1703,1702,1702,1702,1702,1699,1697,1696,1695,1696,1695,1693,1691,1690,1688,1687,1685,1684,1683,1683,1680,1678,1695,1695,1695,1695,1697,1704,1707,1710,1709,1707,1703,1702,1704,1704,1705,1704,1700,1698,1696,1699,1697,1695,1692,1689,1689,1687,1686,1684,1682,1682,1680,1678,1695,1695,1695,1695,1698,1706,1713,1716,1714,1707,1704,1704,1705,1707,1709,1710,1706,1701,1701,1704,1706,1698,1695,1692,1690,1690,1688,1685,1683,1682,1681,1680,1696,1697,1697,1698,1699,1705,1708,1710,1712,1714,1711,1709,1708,1712,1714,1713,1709,1705,1703,1705,1708,1703,1701,1696,1694,1692,1690,1687,1684,1684,1683,1681,1696,1698,1700,1702,1704,1707,1709,1711,1713,1717,1720,1722,1721,1721,1714,1717,1716,1709,1707,1706,1706,1704,1703,1701,1698,1693,1691,1690,1687,1685,1684,1682,1696,1698,1701,1705,1707,1709,1711,1713,1719,1727,1726,1727,1732,1729,1722,1723,1721,1715,1711,1710,1708,1706,1705,1704,1703,1696,1692,1690,1688,1686,1684,1682,1696,1698,1700,1706,1709,1711,1714,1718,1727,1732,1731,1732,1740,1731,1734,1732,1727,1721,1720,1718,1716,1712,1708,1707,1704,1700,1695,1691,1689,1687,1685,1683,1696,1699,1703,1706,1707,1711,1719,1722,1731,1739,1734,1716,1711,1684,1703,1720,1723,1733,1729,1728,1731,1721,1713,1711,1707,1703,1701,1695,1691,1688,1685,1683,1696,1698,1702,1705,1708,1714,1719,1726,1739,1745,1705,1667,1663,1646,1653,1657,1660,1679,1711,1712,1707,1718,1720,1714,1710,1705,1703,1698,1693,1689,1684,1683,1696,1700,1701,1704,1714,1717,1724,1736,1739,1707,1674,1638,1629,1618,1616,1617,1620,1626,1638,1650,1663,1705,1732,1722,1716,1708,1702,1698,1694,1691,1687,1685,1696,1701,1701,1705,1710,1716,1733,1746,1711,1664,1643,1623,1606,1598,1595,1589,1589,1591,1599,1611,1644,1673,1711,1735,1722,1710,1704,1701,1696,1692,1689,1685,1695,1696,1701,1705,1713,1724,1737,1727,1684,1647,1622,1604,1594,1586,1580,1577,1574,1577,1584,1594,1614,1641,1684,1722,1724,1712,1707,1704,1698,1693,1689,1686,1695,1696,1701,1706,1714,1720,1736,1703,1664,1632,1607,1592,1585,1578,1573,1569,1569,1571,1577,1587,1599,1620,1655,1698,1729,1720,1709,1706,1698,1693,1690,1686,1695,1696,1701,1708,1714,1722,1735,1691,1645,1616,1594,1582,1577,1574,1568,1566,1565,1568,1574,1582,1594,1614,1634,1687,1729,1721,1708,1700,1695,1690,1688,1686,1695,1697,1703,1707,1712,1728,1723,1678,1636,1607,1586,1574,1571,1568,1567,1564,1564,1566,1571,1579,1591,1608,1637,1686,1734,1719,1706,1698,1692,1690,1687,1685,1695,1697,1701,1708,1715,1728,1714,1667,1627,1600,1580,1572,1568,1566,1565,1563,1563,1565,1568,1575,1587,1606,1634,1694,1727,1712,1704,1699,1691,1688,1686,1684,1696,1700,1703,1707,1717,1730,1707,1659,1624,1596,1577,1571,1567,1566,1565,1564,1563,1564,1567,1572,1586,1608,1640,1699,1720,1708,1702,1697,1692,1689,1686,1684,1695,1699,1704,1707,1713,1728,1702,1657,1623,1596,1577,1571,1568,1567,1568,1566,1565,1565,1567,1574,1588,1618,1644,1712,1715,1705,1699,1695,1691,1689,1688,1686,1694,1698,1703,1706,1709,1732,1708,1661,1627,1600,1582,1573,1571,1569,1569,1568,1566,1568,1572,1580,1595,1627,1654,1724,1717,1704,1697,1694,1690,1690,1690,1689,1693,1695,1700,1707,1714,1731,1728,1676,1636,1608,1590,1577,1574,1574,1572,1571,1572,1573,1578,1589,1607,1632,1675,1728,1714,1704,1696,1692,1691,1691,1690,1689,1691,1694,1700,1708,1714,1726,1734,1700,1656,1626,1605,1591,1583,1580,1582,1580,1581,1587,1594,1604,1629,1661,1703,1725,1705,1698,1692,1689,1690,1689,1687,1686,1689,1693,1700,1706,1713,1722,1726,1727,1703,1653,1631,1621,1614,1608,1604,1602,1603,1609,1616,1630,1654,1700,1739,1715,1700,1694,1690,1688,1687,1684,1684,1683,1688,1690,1695,1699,1709,1715,1717,1721,1724,1684,1693,1698,1654,1644,1635,1635,1634,1637,1643,1670,1690,1731,1725,1705,1696,1693,1691,1690,1686,1684,1683,1683,1687,1688,1691,1695,1703,1710,1712,1714,1717,1714,1718,1720,1713,1704,1688,1684,1682,1686,1701,1713,1730,1724,1710,1701,1694,1691,1689,1688,1685,1684,1683,1682,1685,1687,1690,1693,1695,1698,1705,1705,1711,1716,1717,1713,1711,1715,1717,1721,1723,1729,1738,1729,1722,1712,1705,1699,1692,1689,1688,1686,1685,1683,1682,1681,1684,1687,1690,1691,1692,1695,1697,1699,1702,1708,1715,1709,1702,1706,1708,1712,1713,1722,1720,1714,1711,1708,1701,1698,1690,1688,1686,1685,1684,1683,1681,1680,1684,1685,1687,1688,1689,1690,1694,1696,1696,1698,1704,1707,1700,1700,1708,1707,1708,1710,1711,1714,1708,1703,1698,1694,1689,1688,1685,1684,1683,1682,1679,1679,1683,1684,1685,1686,1687,1690,1690,1692,1693,1695,1698,1704,1698,1696,1702,1702,1702,1704,1704,1708,1703,1699,1694,1690,1690,1687,1684,1683,1682,1680,1678,1677,1682,1683,1683,1684,1686,1688,1689,1690,1691,1693,1696,1697,1695,1694,1695,1696,1697,1702,1699,1701,1698,1696,1690,1688,1687,1685,1683,1682,1681,1679,1678,1677,1682,1682,1682,1683,1684,1684,1685,1688,1690,1689,1691,1690,1691,1692,1691,1692,1694,1695,1695,1694,1694,1693,1689,1687,1685,1684,1683,1682,1681,1680,1678,1677,1682,1682,1682,1682,1682,1683,1684,1685,1687,1688,1688,1688,1689,1689,1689,1690,1691,1691,1691,1692,1691,1691,1689,1686,1684,1683,1682,1682,1682,1681,1680,1679,1682,1682,1682,1682,1682,1682,1683,1684,1685,1686,1686,1687,1687,1687,1687,1688,1688,1688,1689,1689,1689,1690,1687,1685,1683,1683,1682,1682,1681,1681,1680,1679]}