{"name":"Crater Lake","latlng":[42.942645,-122.107659],"areaWidth":8000,"elevationScale":3,"zoom":11,"elevations":[1891,1908,1902,1886,1884,1875,1825,1837,1855,1888,1875,1879,1874,2007,1903,1862,1966,1918,1817,1991,2046,2053,2019,1964,1881,1837,1802,1773,1771,1770,1762,1747,1875,1941,1925,1872,1925,1904,1973,1969,1982,1918,1899,1889,1918,2031,1986,2002,2024,1897,1958,2113,2217,2112,2029,1960,1886,1832,1815,1798,1784,1782,1774,1762,1792,1840,1871,1842,1925,1929,1956,2035,2017,1932,1911,1890,1959,2027,2064,2064,2102,1959,2005,2138,2169,2037,1996,1929,1883,1900,1826,1818,1810,1842,1834,1825,1757,1784,1796,1813,1835,1883,1869,1935,2098,1991,1923,1918,1981,2086,2123,2121,2177,2009,2009,2181,2241,2105,2081,2057,2000,1859,1837,1834,1832,1908,1938,1933,1747,1754,1699,1782,1806,1833,1858,1908,1988,2109,1961,1936,2012,2158,2167,2178,2186,2100,2025,2271,2294,2188,2158,2078,1977,1870,1843,1850,1855,1932,1976,1935,1758,1780,1736,1810,1827,1858,1867,1948,2011,2101,2002,1953,2023,2236,2229,2269,2196,2052,2128,2369,2334,2244,2152,2036,1909,1885,1865,1884,1872,1918,1927,1899,1769,1784,1803,1803,1827,1900,1906,1938,2033,2120,2040,1990,2085,2292,2309,2357,2434,2102,2259,2425,2358,2223,2095,2034,1921,1897,1904,1905,1978,1972,1942,1958,1815,1835,1858,1887,1925,1999,1926,1960,2059,2134,2124,2028,2114,2426,2207,2068,2043,2010,2080,2361,2329,2167,1965,1947,1937,1932,2053,1988,2080,2037,2077,2130,1839,1882,1906,1949,1960,2021,1995,2033,2055,2131,2155,2128,2256,2250,1978,1884,1884,1884,1884,2192,2350,2034,1985,2072,2061,2006,2151,2125,2147,2194,2229,2206,1808,1835,1920,1967,2004,2103,2075,2108,2096,2153,1992,1919,1887,1888,1884,1884,1884,1884,1884,1884,1884,2045,2101,2245,2162,2135,2176,2169,2200,2313,2337,2221,1802,1814,1834,1953,2006,2061,2123,2147,2034,1884,1884,1884,1884,1884,1884,1884,1884,1884,1884,1884,1884,1884,1997,2268,2200,2165,2210,2206,2328,2441,2495,2312,1816,1884,1874,1932,2003,2077,2130,2065,1884,1884,1884,1884,1884,1884,1884,1884,1884,1884,1884,1884,1884,1884,1884,2258,2218,2206,2219,2243,2442,2477,2672,2451,1853,1889,1920,1946,2021,2101,2160,1884,1884,1884,1884,1884,1884,1884,1884,1884,1884,1884,1884,1884,1884,1884,1884,2204,2248,2266,2299,2285,2338,2379,2482,2381,1857,1894,1946,2004,2074,2124,2138,1884,1884,1884,1884,1884,1884,1884,1884,1884,1884,1884,1884,1884,1884,1884,1884,1884,2165,2377,2426,2359,2324,2265,2233,2189,1841,1903,2015,2048,2081,2158,2095,1884,1884,1929,1890,1884,1884,1884,1884,1884,1884,1884,1884,1884,1884,1884,1884,1884,2042,2398,2339,2278,2257,2225,2140,2100,1853,1947,2061,2155,2249,2284,2140,1884,1895,1974,1946,1884,1884,1884,1884,1884,1884,1884,1884,1884,1884,1884,1884,1884,2060,2318,2185,2128,2240,2220,2207,2192,1897,1964,2002,2071,2145,2300,2249,1895,1884,1888,1884,1884,1884,1884,1884,1884,1884,1884,1884,1884,1884,1884,1884,1884,2083,2228,2246,2060,2077,2172,2184,2150,1890,1980,2034,2103,2211,2301,2344,1988,1884,1884,1884,1884,1884,1884,1884,1884,1884,1884,1884,1884,1884,1884,1884,1884,1884,2175,2114,2034,2012,2009,2112,2120,1886,1930,2032,2166,2309,2330,2357,2143,1884,1884,1884,1884,1884,1884,1884,1884,1884,1884,1884,1884,1884,1884,1884,1884,1884,2094,2093,2091,1982,1955,1936,1990,1889,1939,1993,2066,2147,2202,2265,2286,1982,1884,1884,1884,1884,1884,1884,1884,1884,1884,1884,1884,1884,1884,1884,1884,1884,2085,2077,2075,1984,1937,1903,1894,1854,1900,1951,2013,2098,2163,2177,2213,2223,2094,1884,1884,1884,1884,1884,1884,1884,1884,1884,1884,1884,1884,1884,1930,2052,2020,2040,2036,2061,1967,1898,1876,1857,1887,1953,2006,2050,2087,2130,2138,2173,2241,2019,1890,1884,1884,1884,1884,1884,1884,1884,1884,1884,1884,2008,2042,2072,1977,1996,2022,1979,1957,1873,1843,1893,1926,1976,1979,2003,2050,2075,2103,2147,2207,2334,2442,1998,1884,1884,1884,1901,1884,1884,1884,1884,2060,2036,1975,1969,1956,1928,1880,1955,1970,1879,1833,1890,1929,1959,1974,1991,2023,2052,2080,2118,2177,2265,2326,2305,2128,2015,1920,2101,2044,2008,1915,1884,2112,2093,2002,1906,1909,1918,1866,1864,1879,1817,1809,1920,1941,1949,1962,1977,2001,2040,2058,2087,2131,2194,2219,2180,2156,2116,2105,2067,2049,2035,2042,2092,2095,2113,1979,1882,1870,1853,1842,1817,1799,1751,1750,1850,1873,1914,1939,1962,1989,2024,2047,2056,2045,2101,2109,2044,2126,2116,2049,2035,2037,2014,2013,2060,2072,2075,1979,1858,1843,1833,1809,1799,1782,1731,1711,1840,1859,1891,1919,1958,1975,2018,2071,2058,2003,2022,2013,2033,2223,2201,2030,2007,2000,1995,1981,2011,2018,1962,1941,1878,1825,1809,1797,1779,1763,1735,1698,1834,1852,1878,1896,1931,1951,2013,2191,2039,1970,1969,1979,2077,2141,2117,2011,1990,1978,1969,1950,1928,1975,1943,1919,1872,1845,1766,1774,1761,1741,1732,1702,1818,1845,1864,1878,1883,1950,2067,2055,1931,1944,1952,1950,2044,2047,2039,2006,1963,1957,1944,1920,1892,1879,1910,1883,1783,1789,1728,1724,1715,1719,1711,1733,1812,1843,1846,1859,1872,1891,1910,1914,1920,1928,1929,1927,1939,2006,1998,1987,1925,1905,1924,1904,1873,1816,1832,1774,1731,1704,1689,1676,1668,1654,1658,1662,1827,1830,1837,1843,1874,1892,1893,1894,1903,1909,1906,1899,1892,1884,1920,1880,1882,1864,1857,1861,1851,1857,1811,1765,1731,1711,1691,1670,1654,1637,1622,1620,1817,1822,1826,1834,1853,1879,1879,1884,1876,1881,1881,1877,1876,1860,1853,1848,1854,1852,1829,1822,1820,1821,1789,1801,1780,1721,1699,1668,1637,1631,1614,1603]}