{"name":"Mount Fuji","latlng":[35.362896,138.730367],"areaWidth":7000,"elevationScale":1,"zoom":11,"elevations":[730,766,802,843,882,933,1010,1057,1097,1135,1190,1255,1293,1270,1266,1278,1318,1355,1377,1403,1441,1433,1429,1435,1378,1322,1266,1243,1193,1145,1103,1043,753,798,834,878,925,968,1049,1107,1163,1197,1241,1280,1328,1343,1355,1355,1379,1414,1460,1494,1491,1483,1451,1476,1447,1443,1322,1280,1236,1174,1117,1069,798,841,879,922,966,1019,1085,1160,1221,1260,1316,1379,1421,1444,1444,1448,1443,1473,1524,1559,1545,1562,1486,1479,1454,1410,1353,1308,1250,1181,1143,1097,829,885,926,981,1027,1065,1141,1215,1264,1314,1380,1464,1511,1560,1589,1562,1559,1557,1617,1617,1614,1594,1554,1519,1480,1433,1380,1338,1302,1216,1174,1135,874,923,965,1028,1071,1130,1198,1247,1324,1355,1444,1529,1602,1647,1686,1652,1642,1646,1678,1684,1679,1658,1647,1590,1532,1469,1412,1345,1296,1246,1199,1156,908,953,1011,1071,1139,1192,1244,1305,1390,1436,1499,1579,1636,1696,1735,1770,1727,1733,1771,1770,1762,1780,1719,1661,1619,1504,1455,1391,1346,1314,1234,1186,930,980,1038,1099,1174,1235,1297,1339,1390,1483,1572,1670,1669,1729,1786,1850,1876,1888,1883,1897,1883,1872,1797,1709,1659,1569,1521,1476,1403,1331,1274,1195,955,1001,1073,1133,1212,1270,1336,1390,1442,1546,1658,1720,1773,1836,1860,1962,2043,2048,2006,2026,2035,1958,1908,1788,1732,1667,1606,1538,1463,1356,1269,1212,988,1043,1105,1178,1253,1329,1376,1426,1497,1637,1769,1822,1925,2002,2034,2098,2194,2172,2143,2209,2154,2088,1962,1858,1824,1789,1687,1574,1485,1369,1313,1254,1014,1072,1146,1207,1282,1375,1451,1498,1607,1737,1867,1948,2075,2171,2263,2270,2358,2368,2342,2284,2300,2232,2092,1956,1875,1767,1655,1560,1477,1398,1321,1255,1061,1115,1175,1237,1316,1418,1510,1596,1712,1843,1961,2083,2234,2355,2472,2504,2563,2565,2500,2441,2503,2386,2203,2018,1889,1768,1673,1571,1494,1400,1326,1261,1089,1160,1203,1274,1358,1446,1552,1672,1804,1940,2066,2221,2398,2552,2685,2737,2790,2774,2581,2526,2662,2469,2270,2086,1912,1799,1686,1585,1490,1407,1344,1280,1124,1178,1217,1300,1387,1464,1573,1715,1858,2006,2171,2365,2561,2751,2911,2995,3042,3003,2830,2755,2638,2467,2294,2116,1970,1835,1721,1609,1520,1444,1367,1282,1141,1204,1268,1330,1397,1474,1587,1713,1872,2061,2287,2506,2716,2957,3146,3269,3301,3234,3099,2909,2715,2530,2344,2163,2004,1857,1751,1653,1554,1449,1372,1301,1154,1221,1289,1350,1419,1498,1598,1723,1896,2071,2324,2580,2845,3106,3369,3531,3518,3388,3176,2969,2748,2549,2376,2207,2047,1916,1796,1688,1572,1493,1407,1327,1162,1240,1328,1381,1445,1529,1619,1755,1935,2098,2299,2565,2852,3153,3490,3726,3704,3498,3232,2982,2772,2568,2375,2224,2092,1962,1834,1719,1613,1530,1427,1337,1157,1232,1319,1425,1575,1590,1665,1795,1981,2175,2381,2637,2912,3192,3485,3708,3696,3514,3256,3001,2780,2582,2396,2239,2085,1967,1857,1749,1641,1529,1448,1359,1194,1262,1342,1415,1513,1592,1693,1819,1994,2184,2380,2625,2880,3124,3380,3574,3524,3389,3202,2992,2768,2563,2376,2235,2107,1985,1868,1758,1668,1551,1474,1394,1226,1289,1361,1440,1516,1634,1751,1894,2029,2196,2394,2587,2806,3025,3166,3318,3352,3159,3047,2868,2685,2520,2356,2206,2058,1982,1902,1794,1680,1593,1486,1416,1238,1314,1372,1444,1539,1638,1763,1900,2042,2194,2382,2563,2710,2842,2952,3048,3099,3014,2834,2702,2547,2399,2280,2098,1997,1899,1859,1744,1668,1581,1503,1445,1249,1317,1401,1484,1570,1661,1764,1902,2038,2189,2341,2458,2562,2623,2737,2820,2871,2808,2650,2520,2362,2285,2143,2051,1900,1820,1769,1712,1623,1560,1489,1429,1263,1338,1413,1500,1569,1649,1732,1871,2023,2143,2245,2361,2389,2460,2531,2621,2668,2612,2453,2392,2242,2131,2075,1953,1819,1764,1692,1659,1599,1537,1481,1421,1278,1346,1402,1512,1578,1637,1751,1873,1982,2101,2192,2228,2276,2303,2370,2469,2483,2406,2283,2215,2155,2027,1909,1846,1815,1704,1640,1594,1561,1522,1459,1406,1305,1365,1422,1486,1587,1645,1722,1827,1961,2051,2153,2130,2167,2169,2236,2290,2335,2217,2116,2035,1997,1936,1848,1782,1724,1644,1583,1585,1510,1477,1425,1370,1300,1359,1411,1464,1566,1627,1708,1818,1915,2012,2029,2023,2040,2053,2101,2139,2258,2075,1987,1905,1853,1801,1760,1716,1661,1620,1542,1505,1466,1428,1381,1342,1293,1363,1483,1467,1542,1597,1684,1804,1838,1912,1899,1953,1911,1933,1955,1958,2061,2032,1892,1795,1726,1694,1656,1649,1608,1567,1520,1467,1441,1398,1354,1310,1284,1341,1387,1445,1517,1587,1640,1736,1777,1795,1804,1837,1827,1805,1816,1787,1822,1792,1768,1683,1631,1598,1578,1563,1545,1507,1477,1428,1389,1369,1337,1280,1268,1315,1373,1416,1468,1561,1630,1665,1698,1711,1785,1754,1742,1712,1682,1706,1638,1598,1543,1556,1536,1516,1500,1483,1468,1462,1428,1382,1343,1326,1305,1273,1266,1301,1359,1410,1471,1543,1612,1658,1659,1650,1705,1677,1658,1627,1585,1581,1540,1456,1442,1457,1441,1444,1439,1420,1399,1405,1367,1341,1310,1281,1254,1230,1277,1316,1348,1388,1450,1516,1567,1600,1609,1611,1602,1601,1619,1547,1515,1490,1480,1421,1389,1391,1382,1380,1373,1362,1346,1346,1323,1287,1265,1236,1214,1203,1263,1318,1373,1385,1440,1497,1535,1557,1566,1568,1568,1534,1503,1491,1469,1439,1405,1389,1361,1336,1331,1322,1313,1307,1296,1294,1275,1247,1224,1201,1183,1174,1248,1283,1399,1376,1419,1469,1516,1521,1524,1520,1494,1470,1465,1425,1418,1389,1362,1332,1313,1301,1287,1272,1261,1256,1253,1241,1228,1200,1181,1162,1145,1132]}