{"name":"Mount St Helens","latlng":[46.200082,-122.187705],"areaWidth":3000,"elevationScale":3,"zoom":12,"elevations":[1391,1386,1390,1405,1421,1461,1462,1490,1552,1596,1636,1679,1692,1770,1806,1747,1719,1688,1669,1641,1589,1617,1566,1509,1484,1528,1495,1453,1424,1327,1278,1252,1386,1399,1412,1425,1455,1481,1519,1547,1589,1645,1706,1724,1765,1802,1851,1850,1801,1769,1743,1682,1701,1684,1647,1593,1596,1553,1486,1468,1405,1349,1322,1291,1382,1411,1429,1470,1485,1516,1552,1614,1650,1697,1752,1793,1823,1856,1930,1943,1853,1832,1813,1773,1802,1748,1731,1690,1602,1581,1511,1464,1417,1345,1304,1299,1380,1407,1441,1474,1545,1559,1604,1662,1746,1778,1841,1872,1902,1926,1974,2021,1962,1926,1856,1867,1891,1843,1773,1733,1669,1623,1540,1484,1450,1390,1384,1360,1399,1425,1471,1535,1575,1592,1652,1735,1796,1866,1907,1966,2000,2016,2037,2059,1990,1991,1948,1975,1948,1872,1815,1766,1695,1665,1593,1535,1474,1424,1416,1390,1431,1454,1527,1575,1621,1655,1712,1801,1851,1941,1976,2020,2079,2112,2121,2126,2073,2063,2046,2053,2001,1929,1906,1817,1759,1693,1607,1543,1502,1464,1424,1383,1452,1479,1540,1614,1650,1678,1750,1854,1938,2000,2077,2097,2135,2199,2191,2220,2174,2138,2138,2091,2048,2030,1955,1855,1767,1683,1628,1561,1528,1474,1421,1369,1470,1497,1558,1596,1654,1747,1787,1898,1999,2083,2147,2174,2190,2257,2295,2306,2258,2211,2195,2167,2146,2056,1943,1850,1782,1717,1634,1590,1510,1466,1412,1368,1497,1549,1581,1646,1666,1743,1819,1893,1996,2124,2183,2242,2283,2312,2358,2379,2329,2289,2261,2261,2184,2080,1986,1907,1831,1723,1640,1564,1502,1443,1405,1374,1539,1595,1646,1710,1733,1796,1873,1932,2058,2216,2273,2317,2379,2416,2437,2456,2443,2404,2363,2332,2236,2124,2033,1914,1797,1722,1652,1610,1548,1494,1441,1402,1519,1603,1663,1760,1821,1869,1953,2048,2101,2213,2325,2392,2469,2516,2488,2456,2412,2488,2472,2363,2268,2115,1989,1934,1878,1793,1674,1602,1539,1482,1436,1408,1515,1588,1700,1791,1850,1925,1998,2108,2189,2278,2397,2455,2485,2385,2235,2201,2164,2236,2410,2384,2227,2119,2100,2006,1900,1781,1687,1639,1579,1513,1489,1470,1596,1655,1707,1796,1848,1952,2035,2135,2221,2323,2422,2470,2289,2171,2042,1958,1951,1996,2237,2351,2286,2239,2130,2050,1970,1849,1775,1677,1632,1587,1505,1466,1583,1634,1696,1790,1883,1967,2066,2141,2227,2332,2449,2301,2093,1955,1924,1924,1924,1929,2104,2330,2444,2316,2245,2133,2035,1913,1805,1729,1669,1610,1551,1440,1571,1643,1720,1820,1920,2014,2076,2154,2244,2355,2384,2125,1997,1926,1921,1922,1919,1921,1999,2254,2471,2375,2259,2153,2037,1957,1862,1795,1734,1653,1608,1466,1575,1643,1741,1862,1983,1993,2064,2143,2247,2347,2340,2137,1979,1923,1919,1949,1912,1912,1972,2214,2446,2398,2298,2218,2101,2013,1899,1802,1699,1611,1521,1440,1576,1648,1744,1846,1887,1964,2036,2110,2199,2312,2416,2200,1967,1907,1906,1904,1896,1900,2069,2287,2382,2402,2282,2168,2065,1954,1835,1753,1676,1591,1490,1421,1576,1643,1695,1767,1849,1915,1978,2048,2139,2266,2396,2255,2013,1873,1848,1849,1847,1868,1999,2121,2277,2363,2258,2141,2038,1937,1841,1740,1654,1576,1484,1459,1500,1588,1692,1745,1796,1852,1901,1995,2123,2207,2306,2316,2053,1832,1808,1806,1806,1843,1931,2037,2222,2317,2222,2109,2011,1904,1809,1718,1657,1573,1514,1421,1573,1595,1640,1689,1693,1751,1869,1959,2040,2123,2231,2280,2003,1829,1781,1777,1768,1809,1855,1945,2104,2288,2234,2069,1974,1868,1750,1663,1614,1552,1466,1425,1513,1547,1592,1592,1575,1748,1803,1866,1951,2073,2186,2152,2050,1879,1760,1753,1744,1751,1809,1894,2025,2077,2135,2045,1920,1861,1747,1652,1582,1509,1468,1423,1429,1496,1452,1411,1506,1608,1748,1855,2005,2123,2129,2024,1941,1846,1740,1736,1726,1721,1761,1891,2093,1989,2007,1978,1880,1806,1742,1661,1598,1526,1464,1418,1299,1306,1394,1508,1589,1680,1729,1817,1939,2014,2002,1925,1850,1769,1719,1710,1709,1688,1770,1911,2013,1920,1900,1875,1843,1774,1726,1647,1602,1551,1448,1404,1375,1427,1504,1536,1574,1633,1674,1738,1813,1894,1880,1852,1780,1711,1692,1692,1684,1666,1770,1847,1902,1862,1811,1797,1760,1737,1708,1641,1578,1484,1434,1393,1412,1446,1474,1454,1504,1581,1604,1657,1705,1767,1820,1769,1722,1665,1660,1670,1660,1651,1716,1779,1865,1821,1734,1749,1686,1668,1625,1614,1569,1493,1415,1389,1387,1415,1438,1388,1512,1518,1552,1590,1655,1713,1738,1729,1683,1636,1636,1614,1626,1636,1647,1714,1813,1780,1697,1679,1644,1588,1566,1537,1560,1484,1509,1461,1367,1388,1354,1383,1442,1483,1502,1556,1604,1662,1663,1690,1644,1620,1623,1578,1579,1624,1609,1631,1693,1690,1644,1597,1584,1569,1528,1479,1461,1410,1505,1464,1342,1356,1319,1380,1420,1441,1465,1493,1538,1562,1609,1643,1626,1607,1591,1549,1552,1606,1602,1567,1577,1584,1565,1531,1527,1537,1491,1438,1393,1372,1436,1430,1305,1297,1292,1366,1389,1402,1426,1461,1445,1507,1543,1584,1604,1600,1568,1526,1555,1532,1586,1533,1505,1501,1511,1488,1498,1435,1444,1396,1375,1353,1339,1406,1269,1243,1295,1343,1348,1366,1384,1423,1415,1459,1490,1514,1539,1559,1552,1511,1522,1513,1529,1478,1454,1451,1460,1449,1455,1378,1411,1363,1349,1329,1313,1343,1205,1251,1293,1303,1320,1337,1348,1384,1384,1417,1433,1467,1482,1497,1492,1489,1499,1484,1425,1426,1418,1412,1412,1409,1415,1373,1343,1331,1334,1309,1275,1290,1182,1246,1247,1275,1310,1302,1316,1348,1325,1372,1365,1390,1429,1443,1434,1428,1441,1420,1369,1372,1372,1368,1361,1364,1353,1330,1321,1308,1318,1312,1262,1290]}