{"name":"Mount Fogo","latlng":[14.939883,-24.379089],"areaWidth":15000,"elevationScale":1,"zoom":10,"elevations":[-1,-1,-1,-1,-2,-2,-2,-2,-2,-2,-2,-2,-2,-2,-2,-2,-2,-2,-2,-2,-2,-2,-2,-2,-2,-2,-2,-1,-1,-1,-1,-1,-2,-2,-1,-2,-2,-2,-2,-2,-2,-2,-2,-2,-2,0,8,5,88,51,-2,-2,-2,-2,-2,-2,-2,-2,-2,-2,-1,-1,-1,-1,-2,-2,-2,-2,-2,-2,-2,-2,-2,-2,-2,37,115,129,145,179,184,177,173,174,15,-2,-2,-2,-2,-2,-2,-2,-1,-1,-1,-1,-2,-2,-2,-2,-2,-2,-2,-2,-2,-2,105,151,205,230,248,267,280,265,276,281,265,172,-2,-2,-2,-2,-2,-2,-2,-1,-1,-1,-2,-2,-2,-2,-2,-2,-2,-3,-3,134,200,238,290,324,335,361,373,375,372,371,373,340,230,14,-2,-2,-2,-2,-2,-1,-1,-1,-2,-2,-2,-2,-2,-2,-3,-3,149,210,290,333,397,441,452,488,510,495,462,492,478,436,353,256,91,-2,-2,-2,-2,-2,-1,-1,-2,-2,-2,-2,-2,-3,59,173,244,308,368,436,500,535,581,626,622,635,612,639,576,559,486,377,259,24,-2,-2,-2,-2,-2,-1,-2,-2,-2,-2,-3,-3,160,252,322,384,456,529,603,654,716,752,777,823,764,745,750,685,630,485,386,262,6,-2,-2,-2,-2,-2,-2,-2,-2,-3,1,142,236,308,376,468,537,608,712,766,843,895,908,926,910,910,848,811,819,659,555,375,73,-2,-2,-2,-2,-2,-2,-2,-3,66,140,197,293,378,456,546,626,695,845,897,971,1044,1082,1137,1098,1085,1062,973,847,741,651,479,129,-2,-2,-2,-2,-2,-2,-3,24,124,200,278,375,459,542,609,714,819,905,1010,1138,1247,1328,1347,1296,1266,1266,1114,1014,896,761,481,97,-2,-2,-2,-2,-2,-3,-3,31,148,243,339,431,526,592,690,810,930,1018,1158,1314,1448,1604,1626,1504,1504,1416,1312,1189,1023,787,524,87,-2,-2,-2,-2,-2,-3,-3,38,179,293,384,466,561,662,754,881,1018,1203,1325,1552,1753,1882,1900,1857,1723,1619,1544,1334,1044,862,505,42,-2,-2,-2,-2,-2,-3,-3,50,176,324,419,513,611,716,813,957,1125,1322,1602,1845,2164,2313,2261,2243,1945,1755,1636,1384,969,531,322,84,-2,-2,-2,-2,-2,-3,-3,39,191,330,420,513,610,758,892,1033,1218,1441,1736,2042,2032,1762,1771,1777,1810,1792,1666,1382,909,513,267,34,-2,-2,-2,-2,-2,-3,-3,5,168,304,413,527,635,765,919,1101,1292,1612,1974,2241,1755,1764,1793,1801,1905,1969,1709,1309,822,434,221,5,-2,-2,-2,-2,-2,-3,-3,-1,155,282,411,534,650,780,949,1203,1385,1718,2138,2263,1739,1753,1780,1948,2266,2483,1972,1319,767,404,159,-2,-2,-2,-2,-2,-2,-3,-3,-3,134,259,378,513,650,863,983,1214,1468,1778,2196,2455,1747,1750,1773,1902,2350,2603,1966,1325,772,395,139,-2,-2,-2,-2,-2,-2,-3,-3,-3,16,193,318,510,629,794,1000,1183,1471,1856,2266,2643,1763,1725,1744,1818,1987,2011,1681,1178,762,434,135,-2,-2,-2,-2,-2,-2,-3,-3,-3,-3,174,274,390,574,740,957,1221,1466,1807,2163,2469,2277,1836,1680,1765,1743,1743,1540,1181,845,462,172,-2,-2,-2,-2,-2,-2,-2,-3,-3,-3,81,313,365,474,687,932,1127,1304,1556,1872,2140,2391,2028,1647,1650,1665,1604,1418,1194,841,409,129,-2,-2,-2,-2,-2,-2,-2,-2,-2,-2,-3,132,274,446,609,836,909,1122,1281,1484,1684,1981,2257,1625,1620,1601,1527,1337,1056,676,299,77,-2,-2,-2,-2,-2,-2,-2,-2,-2,-2,-2,-3,66,319,380,526,709,708,970,1131,1325,1526,1723,1916,1919,1694,1369,1104,809,470,223,-2,-2,-2,-2,-2,-1,-1,-2,-2,-2,-2,-2,-2,-3,5,158,233,335,614,738,917,1060,1226,1419,1612,1701,1491,1191,943,682,327,110,-2,-2,-2,-2,-2,-1,-1,-2,-2,-2,-2,-2,-2,-2,-3,-1,86,193,289,533,661,766,944,1072,1262,1293,1141,969,687,469,170,38,-2,-2,-2,-2,-2,-1,-1,-2,-2,-2,-2,-2,-2,-2,-2,-3,-3,10,120,297,401,536,748,739,874,937,845,592,388,194,41,-2,-2,-2,-2,-2,-2,-1,-1,-2,-2,-2,-2,-2,-2,-2,-2,-2,-3,-3,-3,-3,-3,312,486,529,646,663,520,373,196,31,-2,-2,-2,-2,-2,-2,-2,-1,-1,-2,-2,-2,-2,-2,-2,-2,-2,-2,-2,-3,-3,-3,-3,-3,210,336,502,351,244,21,0,-2,-2,-2,-2,-2,-2,-2,-2,-1,-1,-2,-2,-2,-2,-2,-2,-2,-2,-2,-2,-2,-3,-3,-3,-3,-2,26,89,7,-2,-2,-2,-2,-2,-2,-2,-2,-2,-2,-2,-1,-1,-2,-2,-2,-2,-2,-2,-2,-2,-2,-2,-2,-2,-2,-2,-2,-2,-2,-2,-2,-2,-2,-2,-2,-2,-2,-2,-2,-2,-2,-2,-1,-1,-2,-2,-2,-2,-2,-2,-2,-2,-2,-2,-2,-2,-2,-2,-2,-2,-2,-2,-2,-2,-2,-2,-2,-2,-2,-2,-2,-2,-2,-2,-1,-1,-1,-2,-2,-2,-2,-2,-2,-2,-2,-2,-2,-2,-2,-2,-2,-2,-2,-2,-2,-2,-2,-2,-2,-2,-2,-2,-2,-2,-2,-2,-1,-1]}