{"name":"Ngorongoro Crater","latlng":[-3.173948,35.588702],"areaWidth":20000,"elevationScale":1,"zoom":10,"elevations":[1960,2173,2281,2156,2164,2125,2013,1925,1900,1763,1703,1570,1511,1466,1448,1498,1527,1518,1489,1526,1492,1556,1521,1508,1555,1527,1460,1523,1485,1424,1406,1294,1998,2253,2380,2266,2240,2187,2114,2036,1888,1855,1751,1606,1549,1530,1523,1565,1553,1589,1547,1552,1535,1505,1547,1523,1500,1508,1490,1538,1533,1511,1449,1352,1970,2262,2482,2428,2339,2280,2177,2055,2025,1929,1812,1710,1621,1617,1606,1589,1590,1655,1653,1550,1549,1527,1553,1511,1519,1453,1455,1549,1577,1599,1511,1455,1708,2159,2534,2864,2602,2388,2199,2222,2162,2031,1915,1782,1718,1621,1644,1626,1652,1630,1700,1644,1569,1547,1532,1551,1489,1461,1458,1542,1630,1549,1548,1517,1857,1865,2536,2357,2561,2643,2427,2319,2305,2110,1997,1820,1714,1703,1636,1710,1665,1720,1732,1688,1677,1620,1617,1615,1528,1503,1545,1518,1598,1586,1581,1554,1975,2353,2257,2309,2376,2928,2602,2467,2358,2210,2081,1942,1838,1687,1726,1780,1791,1767,1778,1746,1753,1720,1639,1640,1631,1534,1598,1551,1625,1614,1632,1630,2128,2502,2950,2565,2665,2988,2684,2511,2422,2287,2146,2028,1867,1885,1914,1855,1875,1857,1848,1845,1797,1801,1810,1690,1696,1630,1636,1627,1657,1656,1664,1712,2334,2646,2921,3167,3048,2827,2610,2481,2356,2304,2216,2058,2145,2138,2094,2047,1997,1965,1937,1900,1860,1880,1876,1726,1734,1779,1724,1719,1703,1714,1725,1552,2374,2655,2819,2940,2784,2681,2531,2421,2364,2303,2259,2282,2381,1972,1972,2203,2215,2135,2064,1989,1914,1931,1889,1869,1815,1813,1786,1871,1796,1690,1724,1682,2403,2567,2660,2731,2682,2504,2445,2396,2319,2288,2072,1905,2137,1802,1763,1765,1822,2060,2221,2123,1984,1993,1989,1977,1928,1847,1836,1934,1861,1762,1728,1746,2391,2511,2554,2554,2501,2439,2413,2334,2153,1906,1759,1739,1738,1739,1738,1738,1737,1864,2067,2252,2164,2098,2082,2052,2028,1934,1945,1949,1886,1799,1802,1806,2346,2471,2520,2505,2449,2383,2368,2321,1844,1777,1746,1738,1737,1737,1738,1738,1738,1776,1835,1933,2245,2218,2228,2132,2073,2009,1999,2004,1998,1902,1918,1883,2357,2547,2562,2501,2456,2401,2206,1922,1765,1744,1742,1734,1734,1735,1737,1739,1743,1752,1801,1839,1921,2376,2304,2224,2175,2119,2031,2069,2025,2041,1996,1853,2620,2619,2368,2448,2535,2575,2334,1857,1753,1739,1734,1730,1730,1733,1737,1740,1751,1756,1775,1814,1865,1975,2362,2201,2161,2176,2174,2171,2120,2075,1985,1887,2706,2562,2227,2268,2260,2302,2429,1991,1742,1737,1730,1730,1730,1730,1738,1748,1758,1763,1774,1822,1858,1917,2122,2241,2157,2158,2183,2202,2181,2079,2061,1979,2418,2418,2183,2104,2141,2204,2386,2086,1739,1731,1730,1730,1733,1734,1739,1750,1762,1770,1781,1815,1879,1918,2020,2304,2331,2256,2264,2323,2251,2151,2170,2076,2421,2315,2155,2099,2088,2137,2231,1829,1748,1739,1734,1734,1737,1737,1743,1755,1765,1777,1801,1832,1899,1945,2020,2234,2415,2395,2398,2346,2344,2215,2187,2185,2212,2091,2165,2154,2096,2099,2094,1799,1761,1749,1741,1736,1738,1741,1746,1757,1766,1781,1799,1834,1901,1978,2168,2348,2451,2445,2434,2381,2358,2291,2310,2286,1957,1934,2028,2076,2067,2234,2179,1863,1774,1756,1746,1742,1740,1741,1745,1752,1764,1800,1813,1851,1953,2020,2201,2311,2398,2407,2422,2419,2426,2373,2414,2428,1803,1863,1948,1962,1957,2054,2158,2172,1830,1777,1752,1748,1775,1754,1748,1758,1859,1856,1924,1932,1952,2155,2289,2374,2446,2399,2416,2427,2421,2438,2460,2540,1689,1754,1785,1808,1898,1898,2038,2081,2096,2006,1767,1750,1748,1768,1776,1800,1845,1923,2017,2086,2136,2251,2265,2364,2374,2414,2427,2440,2466,2489,2548,2537,1605,1664,1693,1690,1721,1817,1927,1958,2061,2088,2054,1799,1759,1765,1792,1818,1863,1920,2124,2202,2259,2278,2329,2354,2375,2408,2437,2479,2491,2560,2639,2649,1527,1572,1574,1605,1621,1675,1790,1864,1994,2120,2099,2103,2054,2069,1970,1884,1895,1923,2131,2383,2408,2382,2367,2362,2405,2416,2444,2490,2551,2620,2730,2724,1452,1481,1496,1520,1501,1558,1681,1765,1823,1983,2059,2068,2076,2088,2149,2217,2033,2235,2315,2498,2524,2448,2395,2360,2395,2428,2469,2521,2600,2694,2819,2854,1410,1406,1417,1422,1420,1429,1508,1589,1725,1831,1923,2004,2029,2104,2137,2230,2333,2317,2408,2556,2603,2533,2463,2386,2430,2463,2522,2569,2673,2818,3047,2943,1385,1366,1357,1357,1350,1366,1400,1597,1600,1734,1769,1904,2040,2141,2181,2253,2327,2414,2496,2639,2694,2673,2585,2454,2454,2494,2539,2614,2744,2976,3229,3198,1360,1342,1328,1325,1315,1324,1344,1429,1498,1640,1759,1837,2018,2154,2182,2269,2453,2485,2625,2736,2811,2871,2700,2545,2458,2596,2603,2629,2791,3093,3232,3210,1334,1316,1306,1300,1297,1298,1329,1416,1534,1562,1742,1875,2014,2109,2247,2299,2415,2526,2755,2939,3023,3041,2906,2690,2525,2711,2611,2637,2763,3005,2853,2991,1318,1303,1304,1304,1296,1292,1298,1375,1468,1589,1729,1863,2032,2173,2247,2335,2438,2617,2816,3044,2872,2849,2841,2814,2639,2613,2573,2586,2663,2498,2593,2629,1352,1309,1310,1309,1301,1294,1292,1306,1384,1504,1698,1832,1971,2193,2347,2379,2516,2692,2941,2899,2889,2929,2834,2831,2677,2566,2531,2533,2527,2327,2345,2413,1363,1357,1319,1309,1302,1293,1290,1302,1355,1474,1613,1757,1908,2114,2337,2525,2608,2718,3000,2919,2864,2850,2837,2876,2705,2549,2504,2470,2403,2314,2330,2376,1366,1337,1367,1311,1304,1296,1291,1294,1338,1412,1605,1704,1885,2074,2286,2446,2599,2720,2860,3034,2911,2908,2928,2987,2742,2530,2469,2419,2399,2311,2326,2372]}