{"name":"Niagra Falls","latlng":[43.082557,-79.074514],"areaWidth":1000,"elevationScale":12,"zoom":14,"elevations":[185,185,186,186,187,187,188,189,176,172,168,161,159,159,158,157,157,157,157,159,160,160,162,162,162,164,166,167,167,167,167,167,186,186,187,187,188,188,190,189,173,171,163,159,159,157,157,157,157,157,157,159,159,160,162,162,162,162,165,167,167,167,167,167,187,188,188,189,189,189,190,187,173,170,160,158,157,157,155,157,157,157,157,157,159,160,162,162,162,162,165,167,167,167,167,167,188,188,189,190,190,190,191,183,171,167,158,157,155,155,155,155,155,157,157,157,157,160,161,162,162,162,163,165,167,167,167,167,188,189,190,190,191,191,192,178,171,163,157,155,155,155,155,155,155,157,157,157,157,159,160,162,162,162,162,165,165,167,167,167,189,190,191,192,192,193,193,176,172,161,157,155,155,155,155,155,155,157,157,157,157,159,160,160,162,162,162,162,165,166,167,167,190,191,192,192,193,194,194,174,171,160,157,155,155,155,155,155,155,155,157,157,157,157,159,160,160,162,162,162,165,165,167,167,191,192,192,193,195,195,195,175,172,160,155,155,155,118,107,107,155,155,157,157,157,157,158,159,160,162,162,162,165,165,167,167,192,192,193,194,195,196,194,180,173,161,157,155,107,107,107,107,155,155,156,157,157,157,157,159,160,162,164,164,165,165,167,167,192,193,194,195,197,198,195,186,172,163,157,155,107,107,107,108,155,155,155,161,167,166,163,159,160,161,163,166,169,169,170,171,194,194,195,196,198,199,196,192,173,164,158,144,107,107,107,123,155,155,165,167,168,169,168,169,169,169,169,170,170,170,170,170,194,195,196,198,200,200,196,192,182,162,159,124,107,107,107,107,156,160,167,168,169,169,169,169,170,170,170,171,172,171,171,171,195,196,198,200,201,201,197,190,188,174,161,127,107,107,107,115,138,159,167,168,169,169,169,170,170,170,171,170,173,172,171,167,197,198,199,201,202,200,197,190,190,184,165,148,107,107,107,107,112,134,168,168,169,169,169,170,170,170,171,171,173,169,167,167,199,200,202,203,202,199,196,190,191,189,176,155,112,107,107,107,107,109,145,168,168,169,169,169,169,166,164,166,168,167,167,167,200,203,205,203,201,196,193,190,191,190,182,156,112,107,107,107,107,106,113,157,168,161,160,160,162,162,162,165,167,167,167,171,203,205,205,202,199,194,191,190,191,189,176,159,125,107,107,107,106,106,106,136,162,157,159,160,162,162,162,164,165,167,169,172,205,205,204,201,196,192,189,186,184,176,167,160,155,108,107,106,106,106,106,115,146,157,157,160,161,162,162,162,165,168,171,173,205,204,202,199,194,191,190,190,181,183,172,160,155,112,106,106,106,106,106,107,126,155,157,159,159,162,162,162,164,169,171,174,204,203,201,197,195,192,191,191,185,190,181,162,159,135,107,106,106,106,106,106,112,125,155,157,159,159,162,165,168,169,171,174,203,201,199,197,194,193,192,191,190,190,184,165,159,152,123,107,106,106,106,106,107,117,144,156,159,161,164,168,169,170,171,172,201,199,197,195,194,194,193,191,190,190,188,170,160,159,148,113,107,106,106,106,106,110,131,160,161,163,166,169,169,170,171,172,198,197,196,195,195,195,194,191,190,190,187,175,161,160,155,122,107,106,106,106,106,106,123,158,162,165,168,169,169,170,171,172,194,195,196,195,195,195,195,192,190,189,186,182,164,160,158,143,108,106,106,106,106,106,109,132,162,166,168,168,169,170,171,172,194,194,194,195,195,195,194,192,190,188,187,187,172,161,160,155,123,109,107,106,106,106,106,113,158,165,168,169,169,170,171,173,193,192,192,193,193,193,193,193,190,189,188,190,183,166,160,161,154,120,107,106,106,106,106,106,134,162,168,169,169,170,171,173,192,191,191,191,191,192,192,192,191,190,189,190,188,178,164,162,159,154,132,111,106,106,106,106,106,139,166,168,169,170,171,173,191,190,190,190,190,190,190,191,191,190,190,189,187,184,173,163,161,161,156,138,106,106,106,105,105,106,140,163,166,169,171,173,190,189,189,189,189,189,189,190,190,190,190,189,186,184,180,171,163,163,161,157,133,106,105,105,105,105,108,134,170,168,172,174,189,188,188,188,188,188,189,189,190,190,190,188,186,185,182,180,170,165,164,162,159,129,105,105,105,105,105,113,166,170,171,173,188,187,187,187,187,187,188,189,189,190,189,188,186,185,182,179,175,170,167,166,163,159,129,105,105,105,105,105,132,168,171,172,187,187,186,186,186,187,188,188,189,189,189,188,186,185,184,181,178,176,173,168,166,165,163,135,105,105,105,105,111,131,171,173]}